[
    {
        "id": 1,
        "name": "Warehouse A",
        "address": "123 Main St"
    },
    {
        "id": 2,
        "name": "Warehouse B",
        "address": "456 Elm St"
    },
    {
        "id": 3,
        "code": "TEST",
        "name": "Warehousing Test",
        "address": "Wegstraat 111",
        "zip": "1111 TT",
        "city": "Rotterdam",
        "province": "Zuid-Holland",
        "country": "NL",
        "contact": {
            "name": "John Test",
            "phone": "06-12345678",
            "email": "john@warehousing.test"
        },
        "created_at": "2024-02-03 13:12:00",
        "updated_at": "2024-02-03 13:12:00"
    }
]