[
    {
        "id": 1,
        "name": "Acme Corporation",
        "address": "123 Main Street",
        "city": "Anytown",
        "zip_code": 12345,
        "province": "Stateville",
        "country": "United States",
        "contact_name": "John Doe",
        "contact_Phone": "+1 (555) 123-4567",
        "contact_Email": "john.doe@acmecorp.com",
        "created_at": "2024-04-24 10: 30: 00",
        "updated_at": "2024-04-24 10: 30: 00"
    },
    {
        "id": 2,
        "name": "XYZ Enterprises",
        "address": "456 Elm Avenue",
        "city": "Metro city",
        "zip_code": 67890,
        "province": "Urbanville",
        "country": "Canada",
        "contact_name": "Jane Smith",
        "contact_Phone": "+1 (555) 987-6543",
        "contact_Email": "jane.smith@xyzent.com",
        "created_at": "2024-04-24 11: 15: 00",
        "updated_at": "2024-04-24 11: 15: 00"
    },
    {
        "id": 3,
        "name": "Global Innovations Ltd.",
        "address": "789 Oak Street",
        "city": "Techburg",
        "zip_code": 54321,
        "province": "Innovatown",
        "country": "Australia",
        "contact_name": "Mark Johnson",
        "contact_Phone": "+61 2 9876 5432",
        "contact_Email": "mark.johnson@globinnov.com",
        "created_at": "2024-04-24 12: 00: 00",
        "updated_at": "2024-04-24 12: 00: 00"
    },
    {
        "id": 4,
        "name": "Bright Solutions GmbH",
        "address": "101 Sunflower Lane",
        "city": "Sunnyville",
        "zip_code": 98765,
        "province": "Techtopia",
        "country": "Germany",
        "contact_name": "Anna Müller",
        "contact_Phone": "+49 123 456789",
        "contact_Email": "anna.mueller@brightsol.com",
        "created_at": "2024-04-24 12: 45: 00",
        "updated_at": "2024-04-24 12: 45: 00",
    },
    {
        "id": 5,
        "name": "Pacific Trading Co.",
        "address": "222 Harbor Road",
        "city": "Portside",
        "zip_code": 54321,
        "province": "Coastal County",
        "country": "New Zealand",
        "contact_name": "David Lee",
        "contact_Phone": "+64 9 8765 4321",
        "contact_Email": "david.lee@pactrade.co.nz",
        "created_at": "2024-04-24 13: 30: 00",
        "updated_at": "2024-04-24 13: 30: 00"
    }
]