[
    {
        "uid": "P001",
        "code": "ABC123",
        "description": "High-performance laptop",
        "short_description": "Laptop",
        "upc_code": "123456789012",
        "model_number": "LT-2024",
        "commodity_code": "IT-EQUIP",
        "item_line": "Tech Gadgets",
        "item_group": "Electronics",
        "item_type": "Laptop",
        "unit_purchase_quantity": 1,
        "unit_order_quantity": 1,
        "pack_order_quantity": 1,
        "supplier_id": 1,
        "supplier_code": "SUP001",
        "supplier_part_number": "LT-2024-ABC",
        "created_at": "2024-02-03 13:12:00",
        "updated_at": "2024-02-03 13:12:00"
    },
    {
        "uid": "P002",
        "code": "XYZ789",
        "description": "Wireless Bluetooth headphones",
        "short_description": "Headphones",
        "upc_code": "987654321098",
        "model_number": "HP-2024",
        "commodity_code": "AUDIO-EQUIP",
        "item_line": "Audio Accessories",
        "item_group": "Electronics",
        "item_type": "Headphones",
        "unit_purchase_quantity": 1,
        "unit_order_quantity": 1,
        "pack_order_quantity": 1,
        "supplier_id": 2,
        "supplier_code": "SUP002",
        "supplier_part_number": "HP-2024-XYZ",
        "created_at": "2024-02-03 13:12:00",
        "updated_at": "2024-02-03 13:12:00"
    }
]