[
    {
        "id": "S001",
        "code": "SUP001",
        "name": "TechMart Electronics",
        "address": "123 Main Street",
        "address_extra": "Suite 200",
        "city": "Metropolis",
        "zip_code": "12345",
        "province": "Techland",
        "country": "United States",
        "contact_name": "John Doe",
        "phonenumber": "+1 (555) 123-4567",
        "reference": "TM-SUP001",
        "created_at": "2024-02-03 13:12:00",
        "updated_at": "2024-02-03 13:12:00"
    },
    {
        "id": "S002",
        "code": "SUP002",
        "name": "SoundWave Audio",
        "address": "456 Sound Avenue",
        "address_extra": "Floor 3",
        "city": "Harmony City",
        "zip_code": "54321",
        "province": "AudioLand",
        "country": "Canada",
        "contact_name": "Jane Smith",
        "phonenumber": "+1 (555) 987-6543",
        "reference": "SW-SUP002",
        "created_at": "2024-02-03 13:12:00",
        "updated_at": "2024-02-03 13:12:00"
    },
    {
        "id": "S003",
        "code": "SUP003",
        "name": "FashionFab Fabrics",
        "address": "789 Fabric Lane",
        "address_extra": "Unit 5B",
        "city": "Styleville",
        "zip_code": "67890",
        "province": "TextileLand",
        "country": "France",
        "contact_name": "Louis Couture",
        "phonenumber": "+33 1 2345 6789",
        "reference": "FF-SUP003",
        "created_at": "2024-02-03 13:12:00",
        "updated_at": "2024-02-03 13:12:00"
    },
    {
        "id": "S004",
        "code": "SUP004",
        "name": "GreenGarden Produce",
        "address": "321 Fresh Street",
        "address_extra": null,
        "city": "Organic Town",
        "zip_code": "98765",
        "province": "FarmLand",
        "country": "Australia",
        "contact_name": "Olivia Green",
        "phonenumber": "+61 2 3456 7890",
        "reference": "GG-SUP004",
        "created_at": "2024-02-03 13:12:00",
        "updated_at": "2024-02-03 13:12:00"
    }
]